clade	gene	site	alt
1	nuc	2719	T
2	nuc	2682	A
3	nuc	12644	A
4	nuc	7312	G
5	nuc	17057	A
6	nuc	10434	G
6	nuc	10821	C
7	nuc	2574	C
7	nuc	9855	G
7	nuc	11969	C
7	nuc	12853	A
7	nuc	14324	A
7	nuc	16360	C1
8	nuc	11497	A
9	nuc	9448	C
10	nuc	1383	A
11	nuc	9520	C
11	nuc	9864	A
11	nuc	10349	A
11	nuc	10794	C
11	nuc	14504	G
12	nuc	2574	C
12	nuc	9855	G
12	nuc	11969	C
12	nuc	12853	A
12	nuc	14324	A
12	nuc	16360	C
13	nuc	5260	G
13	nuc	16613	C
14	nuc	16948	G
15	nuc	4537	G
15	nuc	7722	A
16	nuc	3708	A
16	nuc	11743	T
17	nuc	3235	A
18	nuc	18617	G